Name,Mean,MeanLB,MeanUB,Stddev,StddevLB,StddevUB
capt/DeBruijn.Par.B/capt/1,1.1168972582810564e-7,1.1150745013458182e-7,1.1200894188793795e-7,8.12143968250512e-10,5.969732768533184e-10,1.2718400130632552e-9
capt/DeBruijn.Par.B/capt/2,1.5305452608832025e-7,1.5252293918654705e-7,1.544020054489071e-7,2.5823949021468725e-9,1.5991289854946424e-9,4.565320300366357e-9
capt/DeBruijn.Par.B/capt/3,2.013406802714679e-7,2.0042924634805788e-7,2.0434186736336156e-7,5.077859962607675e-9,1.87410858818158e-9,1.0044256806776176e-8
capt/DeBruijn.Par.B/capt/4,2.6991956105443597e-7,2.6941964850014827e-7,2.7061066513203326e-7,1.89519286601067e-9,1.2703025655702126e-9,2.9875501426650133e-9
capt/DeBruijn.Par.B/capt/5,3.4490997328663287e-7,3.4439633102485684e-7,3.455884997356393e-7,2.0649809725230787e-9,1.657828439722623e-9,2.79882289726089e-9
capt/DeBruijn.Par.B/capt/6,4.3081449106853816e-7,4.3010846790105446e-7,4.3163263870395155e-7,2.579879691998242e-9,2.1275625831225547e-9,3.2416229525445824e-9
capt/DeBruijn.Par.B/capt/7,5.137262783523217e-7,5.127820958890216e-7,5.149528498161174e-7,3.558261042246784e-9,2.606764042284109e-9,5.21326777025013e-9
capt/DeBruijn.Par.B/capt/8,6.104113515753862e-7,6.071645010007014e-7,6.184138559287798e-7,1.640877972227818e-8,7.750087882850974e-9,3.032434363991299e-8
capt/DeBruijn.Par.B/capt/9,7.305285152773269e-7,7.294374370068648e-7,7.319983555783552e-7,4.442049316656286e-9,3.2336575310825682e-9,6.288654133086793e-9
