Name,Mean,MeanLB,MeanUB,Stddev,StddevLB,StddevUB
capt/DeBruijn.Par.FB/capt/1,1.0814999307140047e-7,1.0754249771393461e-7,1.0921053288379929e-7,2.6029317123364823e-9,1.9132143948063435e-9,3.7134667611099867e-9
capt/DeBruijn.Par.FB/capt/2,1.4733777906183016e-7,1.4662121955148528e-7,1.4833507354059738e-7,2.8171900906728796e-9,2.062789708687431e-9,4.430972417310124e-9
capt/DeBruijn.Par.FB/capt/3,1.9798984608207017e-7,1.966687639684048e-7,2.0021681310987988e-7,5.915019048201024e-9,4.116506738115993e-9,1.0448149868074543e-8
capt/DeBruijn.Par.FB/capt/4,2.2914144769454069e-7,2.2846590978924179e-7,2.3029560055540524e-7,3.0017440900132674e-9,1.8449440189439265e-9,4.797260887175408e-9
capt/DeBruijn.Par.FB/capt/5,2.743147147745893e-7,2.7231809891958405e-7,2.766956835951591e-7,7.47632002287082e-9,6.171136240479081e-9,1.1012979418224487e-8
capt/DeBruijn.Par.FB/capt/6,3.2393220202643067e-7,3.217362162888405e-7,3.261874252720658e-7,7.52449783439577e-9,6.368130335164507e-9,1.0254058047543642e-8
capt/DeBruijn.Par.FB/capt/7,3.4356063359912494e-7,3.42238038560571e-7,3.453084951912804e-7,5.232148296020117e-9,3.669278424229753e-9,7.342418023328223e-9
capt/DeBruijn.Par.FB/capt/8,3.7973628977071366e-7,3.7838553240754824e-7,3.810540894253126e-7,4.585991029566559e-9,3.726614538660455e-9,5.8183652229306205e-9
capt/DeBruijn.Par.FB/capt/9,4.297934023738467e-7,4.2782168822179035e-7,4.3279596615372244e-7,8.32845727608179e-9,5.5026738190691865e-9,1.3963051531287637e-8
