Name,Mean,MeanLB,MeanUB,Stddev,StddevLB,StddevUB
capt/DeBruijn.Par.Fun/capt/1,4.958189371984679e-8,4.950206792967479e-8,4.9703294333720466e-8,3.3464414779662915e-10,2.349792218996243e-10,4.5631982913291594e-10
capt/DeBruijn.Par.Fun/capt/2,7.489935573599814e-8,7.477429845878028e-8,7.507334356412734e-8,5.245506885958934e-10,3.9327941041080123e-10,6.993656768135468e-10
capt/DeBruijn.Par.Fun/capt/3,1.066889336711853e-7,1.0639325734550699e-7,1.0731904663990678e-7,1.336620441669645e-9,7.943178885950433e-10,2.235210178393588e-9
capt/DeBruijn.Par.Fun/capt/4,1.343157669378396e-7,1.336890085268428e-7,1.3537259282655328e-7,2.6532448759213594e-9,2.138281571480765e-9,3.6544773809113527e-9
capt/DeBruijn.Par.Fun/capt/5,1.5554964635427754e-7,1.553089944393224e-7,1.5591205303849583e-7,1.0512320607305431e-9,7.329060409942046e-10,1.6765396936906548e-9
capt/DeBruijn.Par.Fun/capt/6,1.7920350015330908e-7,1.787106345235732e-7,1.7991728956825754e-7,2.014988805948727e-9,1.5187238653579838e-9,2.723344336731361e-9
capt/DeBruijn.Par.Fun/capt/7,2.0343498904702182e-7,2.0293977624780494e-7,2.0399810716083752e-7,1.7959475533874043e-9,1.348528583872236e-9,2.6988181192468275e-9
capt/DeBruijn.Par.Fun/capt/8,2.3007466667921535e-7,2.289513656514846e-7,2.3396283630406323e-7,6.406112511566933e-9,1.9329317353422268e-9,1.2968081940296774e-8
capt/DeBruijn.Par.Fun/capt/9,2.682539808479612e-7,2.6769456764623106e-7,2.6889338739069154e-7,2.064074518844746e-9,1.657848014644968e-9,2.6316708306914196e-9
