Name,Mean,MeanLB,MeanUB,Stddev,StddevLB,StddevUB
capt/DeBruijn.Par.L/capt/1,6.445715178864065e-8,6.435217265751698e-8,6.462918003653904e-8,4.4488767280420516e-10,3.31717686073575e-10,6.745653776795131e-10
capt/DeBruijn.Par.L/capt/2,1.1374192698223993e-7,1.1354253592998914e-7,1.1405287558487675e-7,8.379148284994388e-10,6.605961209283495e-10,1.0541295255093987e-9
capt/DeBruijn.Par.L/capt/3,1.717176423888853e-7,1.713519786244358e-7,1.7242188839353026e-7,1.6617151913240533e-9,1.1009687943754725e-9,2.6852535870425713e-9
capt/DeBruijn.Par.L/capt/4,2.3956425585388866e-7,2.3920239904821295e-7,2.404870758806693e-7,1.7723772769338337e-9,9.35991534515256e-10,3.76975545862096e-9
capt/DeBruijn.Par.L/capt/5,3.221115207635717e-7,3.2153363171231186e-7,3.226832480825337e-7,1.941935095253993e-9,1.5770604156262111e-9,2.4275819969542612e-9
capt/DeBruijn.Par.L/capt/6,4.1797946358095163e-7,4.1759871402905013e-7,4.1881243540145536e-7,1.8303327952229214e-9,9.720501087990287e-10,3.3624119391403986e-9
capt/DeBruijn.Par.L/capt/7,5.322414723364107e-7,5.314643648593557e-7,5.331656794424514e-7,2.875716367799229e-9,2.251705774342401e-9,3.6749081390423495e-9
capt/DeBruijn.Par.L/capt/8,6.772620177878762e-7,6.759480864333417e-7,6.787804244885994e-7,4.639585175268633e-9,3.717104231795623e-9,5.870105545246195e-9
capt/DeBruijn.Par.L/capt/9,8.317790315562221e-7,8.295146396324708e-7,8.392659776449053e-7,1.186585553458205e-8,4.79389458885149e-9,2.3546512944271786e-8
