Name,Mean,MeanLB,MeanUB,Stddev,StddevLB,StddevUB
random15/Named.SimpleH/,7.831435278424616e-3,7.757689422690404e-3,7.93474405545491e-3,2.4667808676442953e-4,1.9029705646750206e-4,3.210433638132514e-4
