Name,Mean,MeanLB,MeanUB,Stddev,StddevLB,StddevUB
random20/DeBruijn.Par.B/,1.2921787038588795e-3,1.2876249815062788e-3,1.3010506422932735e-3,2.0476116960085434e-5,1.4124451390146893e-5,3.4537085183917854e-5
