Name,Mean,MeanLB,MeanUB,Stddev,StddevLB,StddevUB
random20/DeBruijn.Par.FB/,4.231117950965447e-3,4.212855117381492e-3,4.253240475544049e-3,6.458418302938011e-5,5.0299619150073056e-5,8.265454173081443e-5
random20/DeBruijn.Par.F/,14.491135014686733,14.489455917186206,14.493549269873256,2.4965726930766415e-3,4.256006798953318e-4,3.2929312609739116e-3
