Name,Mean,MeanLB,MeanUB,Stddev,StddevLB,StddevUB
random15/DeBruijn.Par.FB/,3.2790634775450274e-3,3.27076090345346e-3,3.291690370107251e-3,3.213001219711045e-5,2.388924337781971e-5,4.7158807594354575e-5
