Name,Mean,MeanLB,MeanUB,Stddev,StddevLB,StddevUB
random20/DeBruijn.Par.L/,12.495038271290772,12.489135029247336,12.50298966887658,8.5558519108295e-3,2.315901250767638e-3,1.1556697366323936e-2
