Name,Mean,MeanLB,MeanUB,Stddev,StddevLB,StddevUB
random20/DeBruijn.Par.Scoped/,1.3508434826796107e-3,1.33488694638839e-3,1.364064664031298e-3,5.0941784606255806e-5,4.304984420081218e-5,5.962494307080393e-5
