Name,Mean,MeanLB,MeanUB,Stddev,StddevLB,StddevUB
random15/DeBruijn.Lazy.Par.FB/,7.591511898554517e-4,7.527649803606119e-4,7.655059273086049e-4,2.2133958603862596e-5,1.8328702099341506e-5,2.6984807565954302e-5
