Name,Mean,MeanLB,MeanUB,Stddev,StddevLB,StddevUB
random15/DeBruijn.Lazy.Par.Scoped/,2.6898619246814383e-4,2.6653909912098235e-4,2.7118669688144646e-4,7.951290930093991e-6,7.4986865821776056e-6,8.514105339449218e-6
