Name,Mean,MeanLB,MeanUB,Stddev,StddevLB,StddevUB
random20/LocallyNameless.Opt/,2.6213679216484175e-4,2.6183326589098203e-4,2.623369389266185e-4,8.246616785369963e-7,5.756698838840731e-7,1.1500609622812923e-6
