Name,Mean,MeanLB,MeanUB,Stddev,StddevLB,StddevUB
random20/LocallyNameless.ParOpt/,7.014765670390933e-4,6.973509989844904e-4,7.042823665897705e-4,1.1054351152231795e-5,6.778475992845269e-6,1.535196177549514e-5
