Name,Mean,MeanLB,MeanUB,Stddev,StddevLB,StddevUB
random20/LocallyNameless.Typed/,3.5743363783952495,3.5093774897504773,3.597592072708115,4.380189784858276e-2,2.1865331487611606e-3,5.3706725486898574e-2
random20/LocallyNameless.TypedOpt/,3.174909880787685e-4,3.1688129587367834e-4,3.194599109878943e-4,3.2463298005075225e-6,1.1501921718374722e-6,5.895218461989817e-6
