Name,Mean,MeanLB,MeanUB,Stddev,StddevLB,StddevUB
capt/LocallyNameless.Lazy.Ott/capt/1,1.1091232320109493e-7,1.1060134391559023e-7,1.1207851081088902e-7,1.7796815125004199e-9,2.3462347311995664e-10,3.715616269188093e-9
capt/LocallyNameless.Lazy.Ott/capt/2,1.6206304238531792e-7,1.617774453336885e-7,1.6285988126058377e-7,1.5248140029353336e-9,5.091461743300167e-10,2.8534561295719002e-9
capt/LocallyNameless.Lazy.Ott/capt/3,2.3547984931357496e-7,2.3523554673664655e-7,2.358300435380866e-7,1.0216456019398578e-9,6.878217105293285e-10,1.6289600806599827e-9
capt/LocallyNameless.Lazy.Ott/capt/4,3.0217511544675936e-7,3.01798223832246e-7,3.0269068031872404e-7,1.4989994967996156e-9,1.1814554965103808e-9,1.9835045231509492e-9
capt/LocallyNameless.Lazy.Ott/capt/5,3.98753023281924e-7,3.982978182683602e-7,3.9941722293152813e-7,1.8377539643813867e-9,1.2610417966100132e-9,2.674455494800584e-9
capt/LocallyNameless.Lazy.Ott/capt/6,5.115805528408267e-7,5.111433880771692e-7,5.121961012133265e-7,1.6733631467013655e-9,1.3328018886556728e-9,2.383246572648674e-9
capt/LocallyNameless.Lazy.Ott/capt/7,6.236146953969153e-7,6.23028844250459e-7,6.244528922709092e-7,2.4089136271752592e-9,1.7461355378486847e-9,3.4706021774617576e-9
capt/LocallyNameless.Lazy.Ott/capt/8,7.518939347661214e-7,7.501147654304167e-7,7.538009136794761e-7,5.93506850382718e-9,5.235358871883544e-9,6.769249730392156e-9
capt/LocallyNameless.Lazy.Ott/capt/9,8.903040673193424e-7,8.889952305103252e-7,8.920684374690905e-7,4.9516131978060434e-9,3.679137115653019e-9,6.5890930555887476e-9
