Name,Mean,MeanLB,MeanUB,Stddev,StddevLB,StddevUB
capt/LocallyNameless.Lazy.ParOpt/capt/1,2.7200751370800974e-7,2.718139113901473e-7,2.723279701816814e-7,8.095104825549304e-10,5.784317518167557e-10,1.3118599776646807e-9
capt/LocallyNameless.Lazy.ParOpt/capt/2,3.8793530176987006e-7,3.857230464244495e-7,3.905809740342759e-7,8.42061963005887e-9,6.6632873296876565e-9,1.1836484566753914e-8
capt/LocallyNameless.Lazy.ParOpt/capt/3,5.169775094444323e-7,5.157480792450148e-7,5.187232216618065e-7,4.947829263451882e-9,3.780970225398242e-9,7.0676704150900474e-9
capt/LocallyNameless.Lazy.ParOpt/capt/4,7.111272456125036e-7,7.066219755805248e-7,7.158242540369821e-7,1.555992375139996e-8,1.321315882342412e-8,1.9210127868951608e-8
capt/LocallyNameless.Lazy.ParOpt/capt/5,9.124675626692719e-7,9.066672852376854e-7,9.183839930321148e-7,2.0735490193517006e-8,1.6876658828038306e-8,2.6576945265542678e-8
capt/LocallyNameless.Lazy.ParOpt/capt/6,1.1195537609588763e-6,1.1132721340591863e-6,1.1252184015058368e-6,2.053236242548745e-8,1.6278787702358014e-8,2.936513502140977e-8
capt/LocallyNameless.Lazy.ParOpt/capt/7,1.2850534152899517e-6,1.2810807981256956e-6,1.2891521000657477e-6,1.3635474411485156e-8,1.1658377207227241e-8,1.6394848921485668e-8
capt/LocallyNameless.Lazy.ParOpt/capt/8,1.5032906405666977e-6,1.4965329409155963e-6,1.5093490570831317e-6,2.160260301706351e-8,1.8694104838159415e-8,2.5781128190231757e-8
capt/LocallyNameless.Lazy.ParOpt/capt/9,1.7733009121834586e-6,1.764796417431781e-6,1.781402638766848e-6,2.7648299413330674e-8,2.254974818922774e-8,3.4266290351602e-8
