Name,Mean,MeanLB,MeanUB,Stddev,StddevLB,StddevUB
capt/LocallyNameless.Lazy.ParScoped/capt/1,2.1618624141711185e-7,2.1598658475281995e-7,2.164255880260843e-7,7.185101863019252e-10,5.796411780404094e-10,1.0105102029087417e-9
capt/LocallyNameless.Lazy.ParScoped/capt/2,3.471144992072238e-7,3.467879447245265e-7,3.4774150873100646e-7,1.3997127738469656e-9,9.211665596693761e-10,2.4764098571090666e-9
capt/LocallyNameless.Lazy.ParScoped/capt/3,5.069746972694595e-7,5.061561770550722e-7,5.077538848095798e-7,2.8070642181314062e-9,2.482055172736361e-9,3.3255007896296346e-9
capt/LocallyNameless.Lazy.ParScoped/capt/4,6.697671987353932e-7,6.691905524076573e-7,6.710523531664808e-7,2.716887987467352e-9,1.4394996670691639e-9,5.027719201995093e-9
capt/LocallyNameless.Lazy.ParScoped/capt/5,8.681585553840288e-7,8.670289227824023e-7,8.696619660608498e-7,4.346461780208008e-9,3.261371216220737e-9,6.130546013555889e-9
capt/LocallyNameless.Lazy.ParScoped/capt/6,1.0750775089274416e-6,1.0740483267669155e-6,1.0764636138981372e-6,4.039983455613426e-9,3.197062833753216e-9,6.634620769666522e-9
capt/LocallyNameless.Lazy.ParScoped/capt/7,1.2965738538445708e-6,1.294156838448742e-6,1.3001811918131295e-6,1.0275038059068875e-8,7.142515654174876e-9,1.5842409966951725e-8
capt/LocallyNameless.Lazy.ParScoped/capt/8,1.515494336288146e-6,1.5114768466274495e-6,1.5233081750986694e-6,1.7503864838034978e-8,8.373257945069804e-9,2.818605357463082e-8
capt/LocallyNameless.Lazy.ParScoped/capt/9,1.8009106021592832e-6,1.7999903129971788e-6,1.8020205881709848e-6,3.4242246871041896e-9,2.6186383578959227e-9,4.542757806986643e-9
