Name,Mean,MeanLB,MeanUB,Stddev,StddevLB,StddevUB
capt/LocallyNameless.Lazy.TypedOpt/capt/1,1.112103187418751e-7,1.1110125740470507e-7,1.113331672481694e-7,3.8311928709938055e-10,3.0756822099759185e-10,4.71584947564095e-10
capt/LocallyNameless.Lazy.TypedOpt/capt/2,1.4753541270124562e-7,1.4663308820111896e-7,1.4875140404561915e-7,3.6944524949882394e-9,3.1901463664924555e-9,4.3288938366913616e-9
capt/LocallyNameless.Lazy.TypedOpt/capt/3,1.8605460521752746e-7,1.8458359934897777e-7,1.8838046397542322e-7,6.240441702333192e-9,4.530831274531569e-9,8.840881071834e-9
capt/LocallyNameless.Lazy.TypedOpt/capt/4,2.1274515249806491e-7,2.1258577512270395e-7,2.130049050081539e-7,6.835349670128949e-10,5.557839094560641e-10,8.939537120819322e-10
capt/LocallyNameless.Lazy.TypedOpt/capt/5,2.786597704787352e-7,2.7273726027922807e-7,2.8292959408472375e-7,1.7773048497888757e-8,1.545333951308886e-8,1.9995837114981838e-8
capt/LocallyNameless.Lazy.TypedOpt/capt/6,3.1239055017272404e-7,3.101677987280402e-7,3.153219270060239e-7,8.702965669632057e-9,7.330078930590098e-9,1.0403058100560649e-8
capt/LocallyNameless.Lazy.TypedOpt/capt/7,3.268537495209374e-7,3.2624733076994925e-7,3.2755170379876787e-7,2.2114098591982073e-9,1.7004373958244735e-9,3.250527638042838e-9
capt/LocallyNameless.Lazy.TypedOpt/capt/8,3.850075279372376e-7,3.8328167375781217e-7,3.86546550308012e-7,5.433481275053516e-9,4.308425781726655e-9,6.915423718982274e-9
capt/LocallyNameless.Lazy.TypedOpt/capt/9,4.3092907959829415e-7,4.275349298469266e-7,4.350636603688016e-7,1.2795652538558218e-8,1.039190963947085e-8,1.5866066266338253e-8
