Name,Mean,MeanLB,MeanUB,Stddev,StddevLB,StddevUB
capt/LocallyNameless.Opt/capt/1,9.701431344023167e-8,9.672918856427764e-8,9.775418765049256e-8,1.4430979483138927e-9,8.059895936120643e-10,2.834141227704464e-9
capt/LocallyNameless.Opt/capt/2,1.2119929538459262e-7,1.2103570312498803e-7,1.2142922126637818e-7,6.094097698567612e-10,4.4188643210614073e-10,8.710637315865839e-10
capt/LocallyNameless.Opt/capt/3,1.4756909339440536e-7,1.4735652093127844e-7,1.4813696419695957e-7,1.1260179911734497e-9,4.2122048758510713e-10,2.077875888516092e-9
capt/LocallyNameless.Opt/capt/4,1.7399668584562008e-7,1.736920163376705e-7,1.7450284616653576e-7,1.330321682544978e-9,8.328796183525712e-10,2.120255880157852e-9
capt/LocallyNameless.Opt/capt/5,2.0065637562928484e-7,2.0025253610218486e-7,2.0123436923464766e-7,1.6053659906300454e-9,1.2497186325317414e-9,2.069474835354392e-9
capt/LocallyNameless.Opt/capt/6,2.2957806498157911e-7,2.289228484478962e-7,2.321736219584611e-7,3.741568493963351e-9,1.1142285977639978e-9,7.580150199803633e-9
capt/LocallyNameless.Opt/capt/7,2.6405297481305737e-7,2.6316197083829314e-7,2.6578251005273795e-7,3.868641574936416e-9,2.5362058224728187e-9,5.756742821573568e-9
capt/LocallyNameless.Opt/capt/8,2.9432280788601067e-7,2.9383857452341083e-7,2.949591639439701e-7,1.8325127556153908e-9,1.3408337112441216e-9,2.6713322612417683e-9
capt/LocallyNameless.Opt/capt/9,3.2539214525896696e-7,3.2500916944653785e-7,3.2587967130478413e-7,1.37653509345556e-9,1.0692406463538095e-9,2.0872244152032636e-9
