Name,Mean,MeanLB,MeanUB,Stddev,StddevLB,StddevUB
capt/LocallyNameless.Ott/capt/1,8.562404559633566e-8,8.551293165049447e-8,8.57913984395887e-8,4.5657500189379124e-10,3.3779448112111576e-10,7.116718829758528e-10
capt/LocallyNameless.Ott/capt/2,1.196351859687304e-7,1.1940944705020556e-7,1.1995828638007316e-7,8.725804871406101e-10,6.30412065828341e-10,1.3187213147752862e-9
capt/LocallyNameless.Ott/capt/3,1.5660363577839735e-7,1.5638712394598104e-7,1.5699955132088163e-7,9.617759460276017e-10,6.181501774956076e-10,1.4462412419187622e-9
capt/LocallyNameless.Ott/capt/4,1.9756790844556786e-7,1.9736374995897598e-7,1.9777183927604672e-7,6.857253713771485e-10,6.241634330666313e-10,7.77859495264098e-10
capt/LocallyNameless.Ott/capt/5,2.435772987231957e-7,2.43161050891919e-7,2.441181452452013e-7,1.6696905530561849e-9,1.2570998509100425e-9,2.2954310367988614e-9
capt/LocallyNameless.Ott/capt/6,2.952328535408052e-7,2.946136770646192e-7,2.9632616987042713e-7,2.688354347283035e-9,1.6412829639981811e-9,4.482891332400344e-9
capt/LocallyNameless.Ott/capt/7,3.4638652409981517e-7,3.4592977132844607e-7,3.4765358497274836e-7,2.2477760120945707e-9,1.558702260457482e-9,3.6199228100490063e-9
capt/LocallyNameless.Ott/capt/8,4.23021684611853e-7,4.2165988791254506e-7,4.25058298974457e-7,5.427661738418248e-9,3.738396459621384e-9,7.803586355125896e-9
capt/LocallyNameless.Ott/capt/9,4.802986767034792e-7,4.797637866141391e-7,4.810730126407404e-7,2.0493288454849815e-9,1.5553400176011582e-9,2.627229800270282e-9
