Name,Mean,MeanLB,MeanUB,Stddev,StddevLB,StddevUB
capt/LocallyNameless.ParOpt/capt/1,2.8029840261363685e-7,2.800256452278824e-7,2.8056069525748547e-7,8.825673135808042e-10,7.467398976938354e-10,1.0745534907653321e-9
capt/LocallyNameless.ParOpt/capt/2,3.801114908414841e-7,3.798141059505699e-7,3.806006217891332e-7,1.2554431727939994e-9,8.71500387777319e-10,1.9655270263901343e-9
capt/LocallyNameless.ParOpt/capt/3,5.25394366339976e-7,5.249702369603546e-7,5.259658708059153e-7,1.5935788841312423e-9,1.2717015198451956e-9,2.2077073166771965e-9
capt/LocallyNameless.ParOpt/capt/4,7.094077987118524e-7,7.085059389171766e-7,7.106024449116827e-7,3.4702564365655372e-9,2.7475779938379692e-9,4.9853032455746e-9
capt/LocallyNameless.ParOpt/capt/5,8.609908201946964e-7,8.597725635234002e-7,8.624852689006647e-7,4.673211739972496e-9,3.802591849603942e-9,5.550394900253723e-9
capt/LocallyNameless.ParOpt/capt/6,1.0756531182354528e-6,1.0744990373926659e-6,1.0772187444092629e-6,4.418537420115595e-9,3.670948780695603e-9,5.4088693296680564e-9
capt/LocallyNameless.ParOpt/capt/7,1.2768696432898237e-6,1.2743740470868003e-6,1.2800152256259096e-6,9.24121983334155e-9,6.7183717876969486e-9,1.325585603723337e-8
capt/LocallyNameless.ParOpt/capt/8,1.5040613521164843e-6,1.5016933530295725e-6,1.50845453726908e-6,9.752722933393266e-9,6.535825607714774e-9,1.6460994687486105e-8
capt/LocallyNameless.ParOpt/capt/9,1.7374099010550907e-6,1.7349782106287295e-6,1.7399481752088697e-6,8.66738449319873e-9,7.53858595593585e-9,1.0088507242334755e-8
