Name,Mean,MeanLB,MeanUB,Stddev,StddevLB,StddevUB
capt/LocallyNameless.ParOpt/capt/1,2.194238471314806e-7,2.188934911194799e-7,2.2064234517902465e-7,2.475653821687959e-9,1.350024217055926e-9,4.473450966921771e-9
capt/LocallyNameless.ParOpt/capt/2,3.0920281939779685e-7,3.079368786686597e-7,3.118463512222753e-7,6.223094934052426e-9,2.790612486006186e-9,1.1925590751131383e-8
capt/LocallyNameless.ParOpt/capt/3,4.382933009474527e-7,4.378925529292117e-7,4.390591203365533e-7,1.8639894588725954e-9,1.2304078925194282e-9,2.8745842134698007e-9
capt/LocallyNameless.ParOpt/capt/4,5.855505740298834e-7,5.844718584104243e-7,5.870409714287193e-7,4.392221313803733e-9,3.6167729745521994e-9,5.472686491954223e-9
capt/LocallyNameless.ParOpt/capt/5,7.40610960871838e-7,7.396421717628113e-7,7.42030067802831e-7,3.8581826368525804e-9,2.7484713930023227e-9,5.7401546214472184e-9
capt/LocallyNameless.ParOpt/capt/6,9.081340450670686e-7,9.06980848645869e-7,9.101993687688587e-7,5.058170856310709e-9,3.533410661801831e-9,8.546164097307635e-9
capt/LocallyNameless.ParOpt/capt/7,1.1144403049373103e-6,1.1116047709303543e-6,1.118962662356354e-6,1.2285456649575793e-8,8.540493967219558e-9,1.910640372212935e-8
capt/LocallyNameless.ParOpt/capt/8,1.3190528634550454e-6,1.3136701319404213e-6,1.3384772382104887e-6,3.1064764428621897e-8,9.616165350235492e-9,6.870922860659745e-8
capt/LocallyNameless.ParOpt/capt/9,1.4924717387070062e-6,1.4912081896474614e-6,1.4940088955600643e-6,4.751378566843915e-9,3.7823037774227905e-9,5.934273282126569e-9
