Name,Mean,MeanLB,MeanUB,Stddev,StddevLB,StddevUB
capt/LocallyNameless.ParScoped/capt/1,1.6221214818188649e-7,1.6190838164397845e-7,1.6262867616161784e-7,1.1700691263756924e-9,9.144582355160795e-10,1.474756995514417e-9
capt/LocallyNameless.ParScoped/capt/2,2.5902582238172773e-7,2.5798378550134996e-7,2.602617591648712e-7,3.87753351160383e-9,3.0155068089025436e-9,5.167811776909602e-9
capt/LocallyNameless.ParScoped/capt/3,3.7124625534475613e-7,3.702821962010531e-7,3.7270398008884426e-7,3.927112409761754e-9,2.861409089780823e-9,5.502517527641167e-9
capt/LocallyNameless.ParScoped/capt/4,4.4203938665267584e-7,4.4103848960816744e-7,4.4353599231293006e-7,3.989412304417297e-9,2.8199336535317743e-9,5.9887638290464454e-9
capt/LocallyNameless.ParScoped/capt/5,6.318340567277016e-7,6.257451746657645e-7,6.380691329005357e-7,2.1788201954914495e-8,1.7443720928637376e-8,2.9662780583162638e-8
capt/LocallyNameless.ParScoped/capt/6,7.281182465633625e-7,7.210810240121684e-7,7.365643127781432e-7,2.576136046201203e-8,2.2503271105884297e-8,3.036167345484454e-8
capt/LocallyNameless.ParScoped/capt/7,8.397083953057321e-7,8.327142377464603e-7,8.470504396158527e-7,2.4060431528012047e-8,1.9859938402093575e-8,3.195593952556725e-8
capt/LocallyNameless.ParScoped/capt/8,9.970601858477028e-7,9.91138586552866e-7,1.0041675623363245e-6,2.2653444644631473e-8,1.839788549444671e-8,2.9388883010897094e-8
capt/LocallyNameless.ParScoped/capt/9,1.1270925439207072e-6,1.1193294215935246e-6,1.1344425575652636e-6,2.4900638582417813e-8,2.087982783675184e-8,3.1654841251484274e-8
