Name,Mean,MeanLB,MeanUB,Stddev,StddevLB,StddevUB
capt/LocallyNameless.TypedOpt/capt/1,1.1071645954757522e-7,1.104479831387365e-7,1.112534984947116e-7,1.212301553636245e-9,7.293719182799421e-10,1.8581934891281057e-9
capt/LocallyNameless.TypedOpt/capt/2,1.4803948949032556e-7,1.4746946861846027e-7,1.4861165065194719e-7,2.0394071692830326e-9,1.6279065835590448e-9,2.6705895446687637e-9
capt/LocallyNameless.TypedOpt/capt/3,1.819839902247449e-7,1.8121950089727374e-7,1.827876458753103e-7,2.656853323990694e-9,2.300034425158209e-9,3.2566631458427312e-9
capt/LocallyNameless.TypedOpt/capt/4,2.0963024617394224e-7,2.0918265908443376e-7,2.1012386790163635e-7,1.5003696211063967e-9,1.174545515831773e-9,1.960494544407904e-9
capt/LocallyNameless.TypedOpt/capt/5,2.523518256112469e-7,2.509742589592546e-7,2.540894027661905e-7,5.084862644155264e-9,3.8296965407164125e-9,7.117825054928414e-9
capt/LocallyNameless.TypedOpt/capt/6,2.9571016910499494e-7,2.943826635676159e-7,2.9704219103889504e-7,4.196826087577597e-9,3.4521900287495475e-9,5.256169353684306e-9
capt/LocallyNameless.TypedOpt/capt/7,3.138437853325708e-7,3.1303247296800456e-7,3.150381895738257e-7,3.3226041817741023e-9,2.3529946320599526e-9,4.832345697159616e-9
capt/LocallyNameless.TypedOpt/capt/8,3.6625166600257503e-7,3.6497887491377874e-7,3.678829114058752e-7,4.850991408634943e-9,3.846595279008513e-9,6.382042234186008e-9
capt/LocallyNameless.TypedOpt/capt/9,4.01419129366338e-7,4.0026769835316995e-7,4.0317439041717317e-7,4.839408109030086e-9,3.5345489071656175e-9,6.617137266774439e-9
