Name,Mean,MeanLB,MeanUB,Stddev,StddevLB,StddevUB
capt/LocallyNameless.TypedOtt/capt/1,1.224557370218507e-7,1.222924443860506e-7,1.2266102481665712e-7,6.105903418690336e-10,4.672398246060522e-10,8.117687238975719e-10
capt/LocallyNameless.TypedOtt/capt/2,1.7595216081878258e-7,1.7568710403640048e-7,1.7634583179152514e-7,1.1129201041600054e-9,8.187600159024998e-10,1.6039813671557998e-9
capt/LocallyNameless.TypedOtt/capt/3,2.3132643271057996e-7,2.3066331063722796e-7,2.3312716974678938e-7,3.4793832215218e-9,1.4557368601697377e-9,6.7194165859883455e-9
capt/LocallyNameless.TypedOtt/capt/4,3.0792084334511225e-7,3.0740424600292037e-7,3.0870876452505384e-7,2.1747116425853874e-9,1.5845004174993828e-9,3.1114552568675426e-9
capt/LocallyNameless.TypedOtt/capt/5,3.7569841074635806e-7,3.7520183620623316e-7,3.7653472968420537e-7,2.212860044086431e-9,1.421998170021629e-9,3.8719242651418154e-9
capt/LocallyNameless.TypedOtt/capt/6,4.538901737826272e-7,4.5314087033049243e-7,4.548709421827409e-7,2.6951084728108567e-9,2.2359468977141143e-9,3.3536145664063186e-9
capt/LocallyNameless.TypedOtt/capt/7,5.362009488129983e-7,5.354260410909581e-7,5.371818497611073e-7,2.8838032146250447e-9,2.1099413812085483e-9,3.9434985309957995e-9
capt/LocallyNameless.TypedOtt/capt/8,6.430313520752034e-7,6.417799642151215e-7,6.445572592194093e-7,4.711100196106519e-9,3.5340774240211362e-9,6.118746685838824e-9
capt/LocallyNameless.TypedOtt/capt/9,7.428835036132606e-7,7.402717383303961e-7,7.531956735128392e-7,1.468917519622337e-8,4.661745655331205e-9,3.214281905491833e-8
