Name,Mean,MeanLB,MeanUB,Stddev,StddevLB,StddevUB
capt/LocallyNameless.UnboundRep/capt/1,1.6076566217665256e-6,1.6003706035783816e-6,1.6233995205699953e-6,3.538771302046073e-8,1.7020345150010865e-8,6.70824513830531e-8
capt/LocallyNameless.UnboundRep/capt/2,2.607444506882202e-6,2.60298609130553e-6,2.6133858898269432e-6,1.695553835509009e-8,1.3008259990764093e-8,2.293047308326014e-8
capt/LocallyNameless.UnboundRep/capt/3,3.674161070900788e-6,3.6655533745649233e-6,3.6836732934047627e-6,2.7323621384269373e-8,2.1260605040463036e-8,3.470780498242877e-8
capt/LocallyNameless.UnboundRep/capt/4,4.8110906813044854e-6,4.8051150510952866e-6,4.817838716845483e-6,2.1222591321742103e-8,1.7657631771932538e-8,2.6190180093485646e-8
capt/LocallyNameless.UnboundRep/capt/5,6.236150182167863e-6,6.221044051312691e-6,6.259634280239616e-6,6.393295438493643e-8,4.614906440580495e-8,8.49692943682161e-8
capt/LocallyNameless.UnboundRep/capt/6,7.779127833568234e-6,7.733728725593625e-6,7.883832502714002e-6,2.0183216196089679e-7,1.0132222425300079e-7,3.8837060943594797e-7
capt/LocallyNameless.UnboundRep/capt/7,9.502452932229689e-6,9.481352312352087e-6,9.527085360891082e-6,7.641656464403292e-8,6.116684125557573e-8,9.273343137754379e-8
capt/LocallyNameless.UnboundRep/capt/8,1.1043795882322843e-5,1.1023611152544443e-5,1.1073211241787699e-5,8.341582232545658e-8,6.188838375824217e-8,1.2678603067124511e-7
capt/LocallyNameless.UnboundRep/capt/9,1.3235862500852658e-5,1.32112568960556e-5,1.3269343191788188e-5,9.965517332311252e-8,7.836349968056126e-8,1.331034807900465e-7
