Name,Mean,MeanLB,MeanUB,Stddev,StddevLB,StddevUB
capt/LocallyNameless.UnboundRep/capt/1,1.6188166671326755e-6,1.6144823194212537e-6,1.6285566276139082e-6,2.0304600960541378e-8,1.0179641646181054e-8,3.266912894198015e-8
capt/LocallyNameless.UnboundRep/capt/2,2.6376925861068843e-6,2.636554759225598e-6,2.6388941090138134e-6,3.798112940567879e-9,3.0923460877794425e-9,4.867324241910638e-9
capt/LocallyNameless.UnboundRep/capt/3,3.7255339513616185e-6,3.7205169167364047e-6,3.735723679607946e-6,2.2344789150021272e-8,1.2252100600208928e-8,4.0721300841835613e-8
capt/LocallyNameless.UnboundRep/capt/4,4.880490232968932e-6,4.872514927417496e-6,4.888998115461234e-6,2.761953642036452e-8,2.207370992235706e-8,3.725275736699377e-8
capt/LocallyNameless.UnboundRep/capt/5,6.298306182190544e-6,6.293651585274106e-6,6.30343509506838e-6,1.639362637390573e-8,1.3158716275951052e-8,2.2097961984588548e-8
capt/LocallyNameless.UnboundRep/capt/6,7.799267843793397e-6,7.778788406307413e-6,7.84698287056854e-6,9.37193987675588e-8,5.479136335922472e-8,1.6758727857019696e-7
capt/LocallyNameless.UnboundRep/capt/7,9.68015291423151e-6,9.644584719062614e-6,9.831323269923164e-6,1.9497873949739304e-7,6.595928398446019e-8,3.870855459471344e-7
capt/LocallyNameless.UnboundRep/capt/8,1.1139090379147301e-5,1.1131929919618985e-5,1.1148997608395278e-5,2.8244925906900497e-8,2.0898223693106065e-8,4.1072433639197685e-8
capt/LocallyNameless.UnboundRep/capt/9,1.3364848760059422e-5,1.334754510622263e-5,1.3396456789586759e-5,7.723300530940747e-8,5.364464193804322e-8,1.217527690553174e-7
