Name,Mean,MeanLB,MeanUB,Stddev,StddevLB,StddevUB
random15/DeBruijn.Bound/,8.163106120960191e-3,8.131835403408488e-3,8.201157609255166e-3,9.748249558482211e-5,7.252510028753716e-5,1.4362949954928558e-4
