Name,Mean,MeanLB,MeanUB,Stddev,StddevLB,StddevUB
random15/DeBruijn.Kit/,6.732789315372429,6.725641338622154,6.739268306497252,7.92138141941386e-3,4.362800751550822e-3,9.924860703317056e-3
