Name,Mean,MeanLB,MeanUB,Stddev,StddevLB,StddevUB
random15/DeBruijn.Lazy.Bound/,1.5804731501018721e-3,1.5764693821544975e-3,1.5888029523020769e-3,1.8719036894820032e-5,1.2219571712091672e-5,3.086026735670708e-5
