Name,Mean,MeanLB,MeanUB,Stddev,StddevLB,StddevUB
random20/DeBruijn.Lazy.Cornell/,3.0369883041709896e-3,3.021205986299378e-3,3.0504365766084933e-3,4.9425782321307747e-5,3.544807741051095e-5,6.872285758223458e-5
