Name,Mean,MeanLB,MeanUB,Stddev,StddevLB,StddevUB
random15/DeBruijn.Lazy.Lennart/,1.453230133960258e-3,1.4489518248525957e-3,1.4581506857095975e-3,1.5204645427942407e-5,1.240081532759312e-5,1.9855481362338216e-5
