Name,Mean,MeanLB,MeanUB,Stddev,StddevLB,StddevUB
random15/DeBruijn.Lazy.Lift/,2.782389372188894e-3,2.774874883038725e-3,2.7935725740914413e-3,2.8980481231665225e-5,2.1008248677830463e-5,4.773133490383935e-5
