Name,Mean,MeanLB,MeanUB,Stddev,StddevLB,StddevUB
random15/DeBruijn.Lazy.List/,1.5456722520137338e-3,1.5310030319752102e-3,1.5581825532578048e-3,4.4443655400295316e-5,3.650708700190856e-5,5.228968857816771e-5
