Name,Mean,MeanLB,MeanUB,Stddev,StddevLB,StddevUB
random15/LocallyNameless.Par/,4.89760352172713,4.787981152811881,4.961723657313087,0.10530605622770603,5.323356027343361e-2,0.13374704232460155
random15/LocallyNameless.ParOpt/,7.049457897664223e-4,7.03849654557044e-4,7.060218991613245e-4,3.522399413233748e-6,3.12436497710326e-6,4.044695533056338e-6
