Name,Mean,MeanLB,MeanUB,Stddev,StddevLB,StddevUB
random20/LocallyNameless.Unbound/,8.439499491392376e-2,8.296190869362262e-2,8.516489792482591e-2,1.670452736159955e-3,7.243094037789001e-4,2.7671437374599765e-3
random20/LocallyNameless.UnboundGenerics/,2.5773374038024988e-2,2.5685432274218264e-2,2.5831335970826215e-2,1.5988402358560594e-4,1.0463257467923983e-4,2.1335353876141875e-4
