Name,Mean,MeanLB,MeanUB,Stddev,StddevLB,StddevUB
capt/DeBruijn.Lazy.Bound/capt/1,2.0409141693638454e-7,2.0243800709174958e-7,2.0567542382633e-7,5.429149254437354e-9,4.752879464772311e-9,6.713314113335359e-9
capt/DeBruijn.Lazy.Bound/capt/2,3.4491101528074834e-7,3.416422896679416e-7,3.4819226521120555e-7,1.1078823403835082e-8,8.60789225385504e-9,1.4102252979699964e-8
capt/DeBruijn.Lazy.Bound/capt/3,5.064301764566928e-7,5.018014064802963e-7,5.118043938395362e-7,1.6069639135356965e-8,1.2738510861158029e-8,2.2668963838551865e-8
capt/DeBruijn.Lazy.Bound/capt/4,7.350213226912349e-7,7.315962825587477e-7,7.418063531605566e-7,1.607583914920308e-8,9.55106991273816e-9,2.783462551875096e-8
capt/DeBruijn.Lazy.Bound/capt/5,1.0467594115078235e-6,1.0404438540863072e-6,1.054712152675819e-6,2.3360394318578814e-8,1.897670881287555e-8,3.102540308743342e-8
capt/DeBruijn.Lazy.Bound/capt/6,1.3958834747832453e-6,1.3857990995101073e-6,1.4048992670155042e-6,3.193207241930475e-8,2.6048024936464036e-8,3.956611646691334e-8
capt/DeBruijn.Lazy.Bound/capt/7,1.6993910785259653e-6,1.6843174437043561e-6,1.715718596602917e-6,5.554089417764257e-8,4.85767161322493e-8,6.492771917748845e-8
capt/DeBruijn.Lazy.Bound/capt/8,2.0067096481866416e-6,1.9952525977481923e-6,2.0219039312556477e-6,4.5356563415607214e-8,3.396815712852281e-8,7.24514649905969e-8
capt/DeBruijn.Lazy.Bound/capt/9,2.3594629974715114e-6,2.3453400601653653e-6,2.379360476033343e-6,5.695303464956615e-8,4.427668604299474e-8,7.572036106624345e-8
