Name,Mean,MeanLB,MeanUB,Stddev,StddevLB,StddevUB
capt/DeBruijn.Lazy.Cornell/capt/1,6.90968995194367e-8,6.898399977470688e-8,6.926749758013869e-8,4.645153934215314e-10,3.640334690632989e-10,6.811169575616951e-10
capt/DeBruijn.Lazy.Cornell/capt/2,1.0043891793263741e-7,1.0025105503003796e-7,1.0075604495753624e-7,8.280474988945104e-10,5.242683591738762e-10,1.3483773178778616e-9
capt/DeBruijn.Lazy.Cornell/capt/3,1.2155261506650575e-7,1.2139221073282887e-7,1.2178848420763542e-7,6.630881474309037e-10,5.267197082118289e-10,9.210052740376065e-10
capt/DeBruijn.Lazy.Cornell/capt/4,1.6113989360255526e-7,1.6100230619668936e-7,1.6136130669556001e-7,5.890492583229726e-10,4.2730918422736914e-10,9.228566577107224e-10
capt/DeBruijn.Lazy.Cornell/capt/5,1.9069045448177794e-7,1.903655061132868e-7,1.9117057345416016e-7,1.2980259316635938e-9,8.923410902319723e-10,2.132866203066549e-9
capt/DeBruijn.Lazy.Cornell/capt/6,2.2257488870105702e-7,2.2217069358595162e-7,2.23102372721143e-7,1.5685180567701094e-9,1.2057107215664436e-9,2.0175656069321048e-9
capt/DeBruijn.Lazy.Cornell/capt/7,2.496582777967012e-7,2.4921534898498027e-7,2.5166811656310615e-7,2.4925205632611327e-9,7.991490582625117e-10,5.43967503107843e-9
capt/DeBruijn.Lazy.Cornell/capt/8,2.75213978673472e-7,2.7462177377593753e-7,2.7638424533036475e-7,2.6192360026677254e-9,1.773019988830181e-9,4.177872337235442e-9
capt/DeBruijn.Lazy.Cornell/capt/9,2.957264364655833e-7,2.952982609772302e-7,2.9621991947286574e-7,1.6208486728200007e-9,1.3868403165264049e-9,2.1294236397607177e-9
