Name,Mean,MeanLB,MeanUB,Stddev,StddevLB,StddevUB
capt/DeBruijn.Lazy.CPDT/capt/1,6.011403531289707e-8,5.999339358602736e-8,6.026994002399324e-8,4.2747836432359163e-10,3.437124746550937e-10,5.958258125106302e-10
capt/DeBruijn.Lazy.CPDT/capt/2,9.198704979037672e-8,9.184026141022273e-8,9.219420112659822e-8,5.743823884586588e-10,4.4608468101165103e-10,7.216774401419922e-10
capt/DeBruijn.Lazy.CPDT/capt/3,1.2581296390629088e-7,1.2515865391164994e-7,1.2699100187820474e-7,2.9664565136120823e-9,1.6651722851689406e-9,4.909605714012915e-9
capt/DeBruijn.Lazy.CPDT/capt/4,1.7192885772599e-7,1.7168469087842296e-7,1.7227853216352424e-7,9.946125845356437e-10,7.01327458085895e-10,1.6523922072231595e-9
capt/DeBruijn.Lazy.CPDT/capt/5,2.013437359371556e-7,2.0110823123915353e-7,2.0170629162180995e-7,9.84530940961221e-10,7.250540801875771e-10,1.2724817970676082e-9
capt/DeBruijn.Lazy.CPDT/capt/6,2.350098976969341e-7,2.3476538043308601e-7,2.3539978949218528e-7,9.646025028325019e-10,7.185264942955584e-10,1.5414606011250762e-9
capt/DeBruijn.Lazy.CPDT/capt/7,2.8284370864173404e-7,2.8235530640353673e-7,2.8350657383898225e-7,1.9903570128232177e-9,1.502923633956037e-9,2.6774041014989418e-9
capt/DeBruijn.Lazy.CPDT/capt/8,3.1558677167768223e-7,3.151637686424217e-7,3.1620601232416923e-7,1.6202900339985904e-9,1.251812310602839e-9,2.0817368435388096e-9
capt/DeBruijn.Lazy.CPDT/capt/9,3.674910905057326e-7,3.667543766717596e-7,3.685742786998233e-7,2.9571800841736923e-9,2.3075608155447425e-9,3.6706993485355615e-9
