Name,Mean,MeanLB,MeanUB,Stddev,StddevLB,StddevUB
capt/DeBruijn.Lazy.Kit/capt/1,5.445850608818971e-8,5.439165668943503e-8,5.457087908305422e-8,2.918227494421734e-10,1.8170839227957964e-10,4.90345358720909e-10
capt/DeBruijn.Lazy.Kit/capt/2,7.950418720212893e-8,7.941627723102964e-8,7.966203628803655e-8,3.6243862258739867e-10,2.227403577488375e-10,6.511809987282832e-10
capt/DeBruijn.Lazy.Kit/capt/3,1.0493636412758065e-7,1.0475212553253619e-7,1.0520870189522955e-7,7.695661005707452e-10,5.423164594692715e-10,1.1453130358644143e-9
capt/DeBruijn.Lazy.Kit/capt/4,1.2972479790840333e-7,1.2927711437693947e-7,1.309341443809642e-7,2.3613980447151223e-9,1.0868205817293806e-9,4.459665611831213e-9
capt/DeBruijn.Lazy.Kit/capt/5,1.5451294611413803e-7,1.5435063445459663e-7,1.5480574577053025e-7,7.331548705041842e-10,4.777834328340494e-10,1.2286215358882964e-9
capt/DeBruijn.Lazy.Kit/capt/6,1.8793546758155103e-7,1.8596036919153283e-7,1.9083688342479515e-7,7.706453269441882e-9,6.205924526628575e-9,1.1513384036537273e-8
capt/DeBruijn.Lazy.Kit/capt/7,2.3590245817629893e-7,2.3474388027453313e-7,2.374471145806291e-7,4.283351755094625e-9,3.302782903861456e-9,5.580848109098163e-9
capt/DeBruijn.Lazy.Kit/capt/8,2.5767745419253275e-7,2.5631779509966105e-7,2.5963129249869047e-7,5.516874914994165e-9,4.490926542648826e-9,7.106193775371124e-9
capt/DeBruijn.Lazy.Kit/capt/9,2.994148214147426e-7,2.98715244690217e-7,3.0022245121112934e-7,2.5216583606372123e-9,2.042598857976508e-9,3.0907925041585354e-9
