Name,Mean,MeanLB,MeanUB,Stddev,StddevLB,StddevUB
random20/DeBruijn.Lennart/,1.981718363480771,1.9790315403142813,1.9864245607889945,4.486763646882733e-3,1.541724863163966e-3,5.9005737248574155e-3
