Name,Mean,MeanLB,MeanUB,Stddev,StddevLB,StddevUB
capt/DeBruijn.Lift/capt/1,3.3943992654286345e-8,3.388869874181297e-8,3.400781595550367e-8,2.037854392440962e-10,1.7212826888215644e-10,2.503798442662179e-10
capt/DeBruijn.Lift/capt/2,4.640444919702195e-8,4.633210453395399e-8,4.648833123108656e-8,2.733817087250817e-10,2.1747954170924849e-10,3.409387682917831e-10
capt/DeBruijn.Lift/capt/3,5.982320458944587e-8,5.9715946210659e-8,5.993363023141317e-8,3.613286450536482e-10,2.960409872998142e-10,4.753864999575863e-10
capt/DeBruijn.Lift/capt/4,8.452397160656412e-8,8.437616673946138e-8,8.469854550747501e-8,5.470921074323273e-10,4.290762277721836e-10,6.598859927441698e-10
capt/DeBruijn.Lift/capt/5,9.703582750371536e-8,9.670032154835478e-8,9.750974709571556e-8,1.3127294595278138e-9,9.459161193380312e-10,1.8804092117432105e-9
capt/DeBruijn.Lift/capt/6,1.0942268855011839e-7,1.0926967389807649e-7,1.0961729792428423e-7,5.832839857160655e-10,4.89202298430075e-10,7.2869449394486e-10
capt/DeBruijn.Lift/capt/7,1.2349774756506105e-7,1.2335929176745921e-7,1.236498279447728e-7,4.935822595209656e-10,3.91857812306173e-10,6.310710542069537e-10
capt/DeBruijn.Lift/capt/8,1.351544781727836e-7,1.3486796060568827e-7,1.356186276440725e-7,1.2634808235334405e-9,8.915493643980454e-10,1.7639807116999354e-9
capt/DeBruijn.Lift/capt/9,1.4824260369789498e-7,1.4796767673604191e-7,1.485574641922142e-7,9.886708523199276e-10,7.419169025607423e-10,1.3030259983045533e-9
