Name,Mean,MeanLB,MeanUB,Stddev,StddevLB,StddevUB
random20/DeBruijn.Lazy.Par.FB/,7.338467050531484e-4,7.266816440729252e-4,7.4511889826074e-4,3.0332781942998697e-5,1.8123455205652377e-5,4.324542772394845e-5
random20/DeBruijn.Lazy.Par.F/,3.322863030958361e-3,3.2852694672757432e-3,3.3840885048481016e-3,1.4874011648761007e-4,1.0464235249783363e-4,2.1268626567471648e-4
