Name,Mean,MeanLB,MeanUB,Stddev,StddevLB,StddevUB
random20/DeBruijn.Lazy.Par.P/,8.288742687543016e-3,8.080938469129181e-3,8.583781595764584e-3,7.222638047507297e-4,5.198005953212895e-4,9.367871350705797e-4
