Name,Mean,MeanLB,MeanUB,Stddev,StddevLB,StddevUB
random20/DeBruijn.Lazy.Par.Scoped/,2.5057558427694834e-4,2.504203208597607e-4,2.508315806169212e-4,6.705817323424731e-7,4.368262074193015e-7,1.0879834960656424e-6
