Name,Mean,MeanLB,MeanUB,Stddev,StddevLB,StddevUB
random15/Named.NominalG/,4.245535017649975,3.558478563758399,5.177469069145748,0.9029462861449808,0.3965451341416826,1.1901437802694024
