Name,Mean,MeanLB,MeanUB,Stddev,StddevLB,StddevUB
random20/Named.NominalG/,8.087746939977174,7.391152956246515,8.853029731686547,0.9132465013995753,0.24557617169164248,1.207211990327034
