Name,Mean,MeanLB,MeanUB,Stddev,StddevLB,StddevUB
random15/DeBruijn.Lazy.CPDT/,5.209414525261937e-3,5.191661541587906e-3,5.228522229492193e-3,5.410049413435021e-5,4.490368752782303e-5,6.891870244340912e-5
