Name,Mean,MeanLB,MeanUB,Stddev,StddevLB,StddevUB
random20/DeBruijn.Lazy.Kit/,2.2835885388281527e-3,2.275148991954467e-3,2.2968188385760497e-3,3.462891360423328e-5,2.287129910056719e-5,4.919639420860735e-5
