Name,Mean,MeanLB,MeanUB,Stddev,StddevLB,StddevUB
random20/DeBruijn.Lazy.Nested/,3.863164099913911e-2,3.799950185426891e-2,3.88810796254803e-2,7.709707110818899e-4,2.74838150622143e-4,1.3586931003921727e-3
