Name,Mean,MeanLB,MeanUB,Stddev,StddevLB,StddevUB
random15/DeBruijn.Lazy.Nested/,5.515271122381445e-2,5.492061405950723e-2,5.55092831445041e-2,4.952033850131051e-4,2.536373459857458e-4,8.692196295244078e-4
